tenure_days,total_call_duration,total_calls,num_support_tickets,plan_type,region,contract_type,churn
1156,22195,292,8,Gold,South,One Year,0
1489,302,19,4,Platinum,Central,Two Year,1
890,17022,281,9,Gold,West,Two Year,0
1324,55,284,4,Platinum,East,Two Year,0
1160,45781,0,1,Gold,South,One Year,1
1125,8717,118,4,Basic,South,Two Year,0
1754,28699,34,2,Platinum,North,One Year,0
1074,8150,197,6,Silver,Central,Two Year,1
1668,2125,484,9,Basic,North,One Year,0
151,44247,244,4,Platinum,North,Two Year,0
496,48513,58,7,Platinum,Central,Month-to-Month,0
1268,16748,324,0,Silver,East,Month-to-Month,0
360,39577,160,2,Platinum,North,Month-to-Month,0
1512,4621,496,2,Gold,North,Month-to-Month,0
117,15034,178,8,Silver,South,Two Year,0
1426,46391,205,4,Basic,Central,Month-to-Month,0
1153,5126,11,8,Basic,West,One Year,0
901,5122,489,8,Gold,East,Month-to-Month,0
1717,18030,275,0,Basic,East,Month-to-Month,0
160,17302,180,1,Platinum,Central,Month-to-Month,0
1715,19181,241,4,Platinum,South,Two Year,0
1362,38638,215,3,Gold,South,Month-to-Month,0
799,1531,250,9,Basic,Central,One Year,0
373,40940,298,8,Basic,South,Month-to-Month,0
1545,40441,125,6,Gold,East,Month-to-Month,1
1467,23333,481,5,Silver,East,Month-to-Month,0
835,39650,216,6,Basic,West,One Year,0
415,34674,305,0,Silver,Central,Month-to-Month,0
1245,35854,284,0,Basic,North,One Year,0
985,46271,184,7,Basic,North,One Year,1
306,8152,38,1,Basic,West,Month-to-Month,1
1214,38518,222,9,Basic,West,One Year,0
489,45540,183,10,Platinum,South,Two Year,0
1367,10267,494,8,Silver,West,Month-to-Month,1
51,25289,426,6,Silver,West,Month-to-Month,1
282,1062,177,5,Basic,North,One Year,0
777,29926,406,0,Basic,South,One Year,0
886,6229,427,0,Silver,West,Month-to-Month,0
1614,49277,293,1,Platinum,West,Two Year,1
504,47915,339,5,Gold,South,One Year,0
1112,4632,150,5,Gold,Central,One Year,0
540,39056,383,1,Silver,South,Two Year,0
1735,3596,125,0,Basic,North,Two Year,0
1529,44243,300,9,Basic,Central,Month-to-Month,0
729,6168,307,4,Platinum,East,Two Year,1
1005,42563,335,4,Gold,South,Month-to-Month,0
1836,7561,433,1,Platinum,North,Two Year,0
219,8258,233,5,Gold,Central,One Year,0
987,16616,379,8,Silver,South,Month-to-Month,0
716,26734,374,1,Gold,West,Month-to-Month,0
987,6371,7,9,Platinum,South,Month-to-Month,0
592,26069,497,1,Platinum,East,Two Year,0
1929,14369,340,2,Platinum,South,One Year,0
1620,12910,128,6,Silver,Central,Month-to-Month,0
1297,7943,263,5,Gold,Central,Month-to-Month,0
861,12199,156,7,Gold,South,Month-to-Month,1
1558,15728,351,7,Platinum,Central,Month-to-Month,1
1184,23275,357,5,Gold,West,One Year,0
1538,6738,4,10,Basic,South,Two Year,0
1872,15913,494,9,Basic,West,One Year,1
676,35240,85,2,Basic,West,Month-to-Month,0
50,19123,174,2,Gold,North,One Year,1
870,48447,289,0,Silver,South,Month-to-Month,1
196,34529,192,6,Silver,Central,Two Year,0
1327,10167,310,4,Silver,West,Two Year,0
417,10554,118,3,Silver,North,Two Year,1
630,17260,217,9,Basic,South,Month-to-Month,0
345,47045,426,3,Basic,South,One Year,0
43,3812,457,3,Platinum,East,Two Year,0
271,28024,413,5,Gold,East,Month-to-Month,0
806,27285,113,7,Gold,West,Month-to-Month,0
1399,26900,465,7,Silver,East,One Year,0
594,1605,144,4,Basic,West,Two Year,1
927,5622,25,5,Silver,Central,Month-to-Month,0
1393,6767,135,3,Platinum,West,One Year,0
121,27139,302,10,Gold,East,Two Year,0
1420,11613,231,8,Gold,Central,One Year,0
985,10589,368,7,Silver,East,One Year,0
1508,13918,75,9,Platinum,West,Month-to-Month,1
1481,20119,474,9,Gold,North,Month-to-Month,1
538,27446,327,0,Platinum,South,Month-to-Month,0
805,13046,344,1,Platinum,East,One Year,0
1996,24818,301,8,Silver,West,Month-to-Month,0
64,35358,451,7,Basic,Central,One Year,0
235,4324,288,2,Silver,East,One Year,0
1134,10787,0,7,Basic,East,Month-to-Month,0
1985,9111,146,0,Platinum,South,Two Year,1
1615,38110,286,9,Basic,West,Two Year,0
1925,16389,463,3,Platinum,North,Two Year,0
1441,41427,141,2,Gold,Central,One Year,0
1055,14043,52,5,Gold,West,One Year,0
1051,28746,303,6,Gold,Central,One Year,0
1443,22350,68,3,Silver,East,Month-to-Month,0
595,41605,360,6,Silver,South,One Year,0
1159,117,89,8,Platinum,South,Month-to-Month,0
1825,46685,445,10,Gold,North,Month-to-Month,0
1875,18935,219,1,Silver,South,Two Year,0
1530,47077,449,10,Gold,East,Two Year,0
732,13234,497,2,Silver,North,Two Year,0
431,38328,191,4,Basic,West,Month-to-Month,1
759,846,453,2,Basic,South,Month-to-Month,0
1609,10954,62,10,Gold,North,Month-to-Month,0
191,13703,72,7,Platinum,East,One Year,0
231,48153,160,9,Silver,Central,Month-to-Month,0
1025,46514,168,7,Silver,Central,Two Year,0
299,22700,88,7,Basic,East,Two Year,0
1916,32043,175,8,Basic,East,Month-to-Month,0
845,6469,268,3,Platinum,Central,Month-to-Month,0
1324,30105,72,4,Platinum,North,Two Year,1
485,42101,244,4,Platinum,Central,Month-to-Month,0
1515,26386,76,7,Gold,East,Two Year,1
1780,49376,158,6,Basic,South,One Year,0
1305,45587,488,8,Gold,West,Two Year,0
1046,36976,458,7,Basic,South,One Year,1
1755,39051,323,1,Basic,South,Month-to-Month,0
325,2048,97,9,Silver,East,Month-to-Month,0
1778,39001,380,3,Basic,Central,One Year,0
749,12941,101,5,Basic,North,Month-to-Month,0
1802,45375,493,1,Gold,South,One Year,0
367,42533,131,6,Basic,Central,Month-to-Month,0
908,1828,101,2,Gold,North,Two Year,1
1106,1917,18,2,Platinum,South,Month-to-Month,0
821,20618,453,10,Basic,North,Two Year,1
1975,32254,481,1,Basic,Central,Two Year,1
246,39756,81,10,Gold,West,One Year,0
793,47362,396,7,Platinum,Central,Month-to-Month,0
217,20128,488,5,Silver,East,One Year,1
409,45745,278,0,Platinum,North,Month-to-Month,1
522,9,338,0,Gold,West,Two Year,0
1094,16644,364,6,Platinum,North,Two Year,0
1210,22422,330,7,Gold,North,Month-to-Month,0
44,9865,128,4,Gold,South,Month-to-Month,0
1866,2219,343,10,Silver,East,One Year,0
94,39809,309,4,Basic,North,Month-to-Month,0
1910,5287,454,3,Gold,Central,Month-to-Month,0
1892,34387,88,5,Gold,Central,Month-to-Month,0
550,8512,212,5,Silver,South,One Year,0
1397,1342,142,2,Gold,East,Month-to-Month,0
1182,43336,64,8,Basic,East,Two Year,0
677,19216,75,10,Silver,Central,One Year,0
1525,27534,198,6,Basic,West,One Year,0
1116,14231,142,0,Basic,South,Two Year,0
1192,32293,404,6,Silver,South,Two Year,0
1552,26614,402,4,Gold,Central,Two Year,1
622,36258,315,4,Basic,Central,Month-to-Month,0
421,28253,92,1,Basic,West,Two Year,0
1728,42078,472,3,Basic,West,Month-to-Month,0
448,40752,416,5,Basic,East,One Year,1
318,17988,304,9,Silver,South,One Year,0
408,31037,223,10,Silver,South,Two Year,0
1826,12219,496,6,Platinum,Central,Month-to-Month,0
1543,235,290,10,Platinum,East,Two Year,0
260,42929,427,4,Basic,South,Two Year,0
1047,1908,101,8,Gold,East,Month-to-Month,0
70,8567,473,2,Basic,East,Two Year,0
1081,36298,266,0,Gold,Central,One Year,0
164,5256,354,3,Basic,East,Two Year,0
230,19019,455,8,Platinum,West,Month-to-Month,0
1893,8162,109,3,Platinum,West,Month-to-Month,1
809,5415,461,1,Gold,North,One Year,0
959,36159,329,9,Basic,Central,Month-to-Month,1
1086,43925,449,4,Gold,North,Month-to-Month,0
1101,5951,429,2,Platinum,West,One Year,0
532,21852,264,8,Basic,North,Two Year,0
436,8007,2,3,Basic,Central,One Year,1
1627,41832,84,5,Gold,Central,Two Year,0
1781,30523,281,1,Silver,East,One Year,0
834,23325,327,5,Gold,South,Two Year,0
128,21204,303,2,Platinum,East,One Year,0
713,15524,449,8,Platinum,Central,Two Year,0
1925,19282,453,10,Platinum,West,One Year,0
755,23930,411,1,Platinum,West,Two Year,0
1600,77,116,8,Platinum,East,One Year,0
990,40345,220,4,Silver,Central,Month-to-Month,0
1792,20611,153,7,Basic,West,Two Year,0
642,16984,152,1,Gold,Central,One Year,0
1996,14060,11,5,Gold,West,Two Year,0
1515,17449,132,2,Platinum,Central,Two Year,0
672,18520,481,9,Gold,North,One Year,0
1822,43303,303,4,Platinum,Central,Two Year,1
1058,9510,292,7,Silver,Central,One Year,1
1271,29287,462,9,Silver,East,Month-to-Month,1
532,28173,299,0,Basic,North,Two Year,0
796,39711,227,4,Silver,South,Month-to-Month,0
427,11954,270,2,Silver,East,Two Year,0
900,7804,42,3,Basic,South,Two Year,0
824,6565,431,1,Gold,West,Two Year,0
422,5984,342,8,Platinum,South,One Year,0
236,21526,325,2,Platinum,Central,Month-to-Month,1
1068,37438,301,1,Gold,South,Two Year,1
1911,18574,497,9,Basic,East,One Year,0
1607,9184,363,10,Gold,East,Two Year,0
921,19096,378,8,Silver,South,One Year,0
1514,2192,426,6,Basic,East,Two Year,0
1744,34016,492,5,Basic,East,Month-to-Month,0
1628,11246,20,0,Basic,South,Month-to-Month,0
893,45558,406,4,Platinum,North,Two Year,0
772,18381,106,10,Gold,North,One Year,0
1294,36455,335,10,Basic,West,Two Year,0
593,26727,302,2,Basic,East,One Year,0
1050,4018,116,0,Basic,South,Two Year,0
125,11302,123,3,Gold,East,One Year,1
1953,1970,398,1,Platinum,Central,Month-to-Month,0
1787,41157,280,1,Silver,East,Two Year,0
514,27202,291,2,Platinum,East,Month-to-Month,0
1460,31110,202,7,Basic,North,Month-to-Month,0
260,17586,50,7,Platinum,South,Two Year,1
778,24519,270,6,Platinum,East,Two Year,0
1708,31273,323,5,Silver,North,One Year,0
1224,21951,276,8,Gold,West,One Year,0
570,15374,140,3,Gold,North,Month-to-Month,1
1089,5788,469,0,Platinum,North,One Year,0
554,5408,274,7,Platinum,North,One Year,0
1213,25053,289,6,Gold,East,Two Year,0
1892,9446,333,6,Gold,East,One Year,0
1752,922,380,2,Silver,West,Month-to-Month,0
1296,33187,451,3,Basic,Central,One Year,0
1139,10789,495,9,Platinum,Central,Month-to-Month,0
1849,32184,372,8,Gold,Central,Two Year,1
607,1120,51,5,Platinum,West,Month-to-Month,0
711,44028,493,4,Platinum,Central,One Year,0
586,32154,26,2,Gold,Central,Two Year,0
1627,17334,156,8,Silver,North,One Year,0
1042,2336,238,4,Platinum,East,Two Year,0
675,38141,155,4,Silver,East,Two Year,0
825,2243,290,3,Gold,North,One Year,0
1081,19029,135,3,Basic,North,One Year,0
1673,32265,143,0,Basic,North,Two Year,0
1609,37380,105,6,Platinum,East,Two Year,0
1393,46714,419,8,Gold,Central,One Year,0
1851,43872,157,2,Silver,North,Month-to-Month,0
1384,46197,145,1,Platinum,West,One Year,0
1693,23710,1,2,Gold,North,Two Year,1
1559,29486,432,0,Gold,South,One Year,1
1401,6371,76,5,Silver,North,Month-to-Month,0
1526,6359,131,10,Platinum,East,One Year,0
1284,40631,89,10,Gold,North,Two Year,0
219,35996,344,6,Gold,South,One Year,1
1278,20103,349,10,Gold,West,Two Year,0
1438,14382,458,10,Silver,Central,Two Year,0
1430,18755,262,1,Platinum,North,One Year,0
1336,35659,350,7,Platinum,South,Two Year,1
662,3756,107,5,Platinum,South,Two Year,0
657,20609,73,3,Platinum,West,Month-to-Month,0
1002,48538,38,4,Basic,East,Month-to-Month,0
1798,16478,396,7,Basic,North,Month-to-Month,0
1312,35442,158,2,Platinum,South,Month-to-Month,0
1412,39666,70,2,Silver,West,Two Year,0
739,10147,446,10,Basic,Central,One Year,0
1509,33561,311,3,Gold,South,Two Year,0
1464,34884,240,0,Basic,West,Two Year,0
678,5779,425,8,Gold,East,Two Year,0
347,12298,444,7,Platinum,East,One Year,0
1730,14153,297,7,Basic,South,Month-to-Month,0
1278,43879,439,9,Silver,South,Two Year,0
1872,10789,35,5,Basic,North,Two Year,0
1287,44165,83,6,Basic,West,Month-to-Month,0
713,12999,451,5,Basic,South,Two Year,0
693,814,373,8,Platinum,North,One Year,1
1880,49497,262,2,Silver,North,Two Year,0
1427,10541,309,2,Basic,South,Two Year,0
1725,24938,384,2,Silver,East,Month-to-Month,0
1661,2443,171,9,Platinum,West,Two Year,0
1525,10457,375,2,Gold,West,Two Year,1
1286,10380,172,8,Basic,East,One Year,1
1745,7783,361,3,Silver,South,Month-to-Month,0
1166,44241,46,6,Silver,West,Month-to-Month,0
1883,17368,378,8,Platinum,South,One Year,0
1550,15328,140,10,Basic,South,Two Year,0
471,26215,374,6,Gold,North,Month-to-Month,0
593,33595,405,8,Silver,East,Month-to-Month,0
1321,27306,117,2,Basic,South,Two Year,0
1563,19915,276,3,Gold,Central,Two Year,0
1860,39915,213,7,Silver,East,Month-to-Month,1
1439,37219,219,5,Silver,West,Two Year,0
1440,15343,392,4,Gold,North,Month-to-Month,1
1166,46403,25,3,Gold,West,Two Year,0
1666,38727,8,7,Platinum,West,Two Year,0
1678,126,270,0,Basic,East,One Year,0
981,27632,9,8,Basic,West,Two Year,0
1134,41563,471,0,Platinum,South,One Year,0
728,44409,377,7,Silver,West,Two Year,0
142,20530,120,3,Gold,North,Month-to-Month,1
31,39964,124,8,Gold,North,Month-to-Month,0
671,44327,169,10,Gold,Central,Two Year,0
249,3368,71,4,Silver,North,Two Year,1
1619,3797,151,2,Gold,West,Month-to-Month,0
884,47882,207,8,Gold,North,Two Year,0
1789,13718,48,10,Platinum,East,One Year,0
1278,34560,153,8,Silver,North,One Year,1
414,11053,346,3,Basic,South,One Year,1
1456,22116,292,10,Platinum,East,One Year,1
1691,36244,67,3,Platinum,Central,One Year,0
1183,36185,49,7,Basic,South,Two Year,1
1106,1645,151,1,Platinum,West,Two Year,0
1737,47523,18,8,Silver,West,One Year,0
759,19256,99,5,Gold,West,Two Year,0
1725,35840,59,8,Silver,South,Two Year,0
1763,34622,166,7,Basic,South,One Year,1
1469,37430,201,6,Basic,South,Two Year,1
276,39282,344,0,Platinum,East,Two Year,0
865,2708,145,2,Silver,East,Two Year,0
1492,11694,402,10,Silver,West,One Year,0
232,9524,163,1,Basic,North,Two Year,1
1237,31880,457,4,Silver,West,Month-to-Month,0
152,39224,480,4,Basic,Central,Month-to-Month,0
430,36980,438,4,Silver,East,One Year,0
796,32409,241,3,Silver,South,Month-to-Month,0
323,13224,68,4,Silver,East,One Year,0
309,40738,174,2,Basic,South,Month-to-Month,1
1890,25150,48,0,Platinum,Central,Month-to-Month,0
913,49688,482,4,Silver,Central,Month-to-Month,0
1663,34393,107,8,Basic,East,One Year,0
227,43082,225,8,Basic,South,One Year,0
1011,7973,160,3,Silver,Central,Two Year,1
1960,8577,118,2,Silver,West,One Year,0
1564,8070,148,0,Platinum,West,Month-to-Month,0
781,8666,464,1,Basic,South,Month-to-Month,0
173,36368,149,7,Basic,East,One Year,0
638,6783,431,0,Gold,Central,One Year,0
1254,45994,292,7,Basic,East,One Year,0
1177,41914,142,6,Platinum,West,Two Year,0
216,4971,418,7,Gold,Central,Month-to-Month,0
1379,13490,475,5,Gold,East,Two Year,0
493,45719,454,8,Gold,North,Two Year,0
1402,45080,159,2,Silver,South,Month-to-Month,0
1824,1990,10,9,Silver,South,Month-to-Month,0
689,5299,137,3,Basic,North,One Year,1
793,45765,456,5,Gold,West,One Year,1
984,19956,77,7,Platinum,Central,Two Year,0
1985,22359,76,4,Silver,South,One Year,0
432,46240,440,2,Platinum,North,One Year,0
1399,37148,253,5,Platinum,North,Month-to-Month,0
1564,28734,408,3,Silver,West,Month-to-Month,1
176,4757,257,8,Silver,West,One Year,0
1201,19097,319,2,Silver,East,Month-to-Month,0
893,10395,290,3,Silver,South,One Year,1
1764,16241,262,6,Gold,East,Month-to-Month,1
1873,38356,84,6,Gold,North,Month-to-Month,0
518,27696,145,3,Gold,Central,Month-to-Month,0
958,4944,322,5,Gold,Central,Month-to-Month,0
1989,46163,41,2,Basic,West,One Year,0
1693,19816,373,5,Gold,Central,Two Year,1
580,49840,124,1,Silver,Central,Month-to-Month,1
367,37011,166,7,Platinum,Central,One Year,0
901,24917,424,1,Gold,North,One Year,0
670,31195,240,10,Basic,Central,Month-to-Month,1
1832,21566,458,6,Silver,Central,Two Year,0
502,9916,486,8,Platinum,Central,Month-to-Month,0
1999,20806,279,0,Platinum,East,One Year,0
180,9984,187,7,Gold,North,Two Year,0
1468,1759,301,6,Platinum,West,One Year,0
1351,41949,18,5,Gold,East,Month-to-Month,0
1664,26838,67,5,Gold,South,Two Year,0
292,2482,217,5,Silver,North,One Year,0
1817,24442,101,8,Silver,North,One Year,0
173,33719,41,1,Basic,South,One Year,0
375,27965,287,0,Silver,South,Month-to-Month,0
653,2079,166,5,Silver,South,Two Year,1
1046,2717,108,9,Gold,West,Month-to-Month,0
1625,27952,493,10,Silver,Central,Month-to-Month,0
910,20908,35,7,Gold,North,Month-to-Month,0
31,42460,231,2,Gold,Central,Two Year,1
926,24861,228,9,Silver,Central,Month-to-Month,0
1357,7311,352,0,Basic,South,Month-to-Month,0
283,28071,163,8,Basic,West,Month-to-Month,0
1705,23570,386,0,Platinum,East,Month-to-Month,0
482,18449,72,2,Platinum,West,One Year,0
1090,33536,135,7,Silver,Central,Month-to-Month,0
1213,38258,352,2,Basic,West,One Year,0
1044,48302,378,3,Gold,South,Month-to-Month,0
38,28865,69,7,Platinum,East,Two Year,0
1286,6645,424,0,Gold,South,One Year,0
1152,38000,486,5,Platinum,East,One Year,0
1712,26737,195,0,Silver,Central,One Year,0
845,11485,268,0,Basic,East,One Year,0
237,38565,48,7,Platinum,East,Two Year,0
1184,25522,315,10,Basic,East,Month-to-Month,0
433,12342,129,3,Gold,West,One Year,1
181,40806,443,0,Silver,West,Two Year,1
83,48770,4,9,Basic,Central,One Year,0
1173,13087,427,6,Silver,East,Month-to-Month,0
1726,37641,26,4,Basic,North,One Year,0
1973,34249,159,4,Gold,Central,Two Year,1
657,10093,148,0,Gold,East,Month-to-Month,0
616,47190,263,9,Silver,East,Two Year,0
1678,16438,229,10,Gold,West,Month-to-Month,0
1473,40411,199,5,Platinum,Central,Month-to-Month,0
1475,26399,49,8,Basic,East,Month-to-Month,1
133,19846,66,8,Gold,East,One Year,0
1905,15708,299,7,Platinum,Central,Two Year,0
283,44039,380,4,Silver,North,Two Year,1
1280,49984,57,0,Platinum,Central,Two Year,0
1165,45368,258,8,Silver,Central,Month-to-Month,0
539,10998,341,0,Silver,North,One Year,0
1526,47063,325,7,Basic,Central,Month-to-Month,1
128,30678,129,4,Basic,East,Two Year,0
182,10682,214,2,Platinum,Central,One Year,0
1914,49148,171,10,Basic,North,One Year,0
943,8519,257,6,Basic,South,One Year,0
1949,31480,101,6,Basic,Central,Two Year,0
907,19694,208,8,Platinum,West,One Year,0
367,3300,290,6,Gold,East,One Year,0
1759,6722,353,10,Basic,East,Month-to-Month,1
851,39986,470,2,Basic,West,Month-to-Month,0
1216,24160,285,10,Platinum,West,One Year,0
1773,20059,115,0,Gold,Central,One Year,0
986,35822,263,7,Basic,West,Month-to-Month,0
1734,13575,149,2,Silver,South,Month-to-Month,1
190,7970,299,7,Platinum,North,Month-to-Month,0
1633,34911,441,7,Basic,West,Two Year,0
830,21591,35,4,Basic,West,Two Year,0
427,31821,452,0,Silver,South,Month-to-Month,0
1330,9503,332,9,Silver,East,One Year,0
845,47917,476,6,Platinum,East,Month-to-Month,0
1969,18922,286,9,Platinum,Central,Two Year,0
1557,12175,302,4,Silver,South,One Year,0
1949,41124,310,7,Platinum,North,Two Year,0
1445,21389,207,8,Silver,North,One Year,0
1188,47838,105,10,Basic,South,Two Year,1
1248,822,445,6,Silver,North,One Year,0
430,17327,157,6,Silver,East,One Year,0
669,47057,120,0,Gold,North,One Year,0
1086,6150,54,3,Silver,North,One Year,0
717,4425,399,1,Silver,South,Two Year,0
489,16032,11,1,Gold,South,Two Year,1
984,2198,144,1,Platinum,North,One Year,0
1936,20079,399,3,Gold,West,One Year,1
499,36220,395,0,Basic,South,Two Year,0
1428,41874,135,3,Gold,Central,One Year,0
1075,13859,467,1,Basic,Central,One Year,1
779,31419,2,4,Platinum,East,One Year,0
1723,8705,143,2,Gold,North,Month-to-Month,1
67,42880,29,7,Gold,West,One Year,0
259,23236,236,3,Platinum,East,Month-to-Month,1
1418,22419,278,0,Basic,North,One Year,0
592,19978,347,0,Gold,South,Two Year,0
467,37609,114,9,Basic,Central,Month-to-Month,0
1829,15358,103,2,Gold,West,Month-to-Month,0
1336,34177,117,8,Silver,Central,One Year,0
56,29378,4,6,Gold,South,One Year,0
255,37334,467,1,Platinum,North,Month-to-Month,0
1330,11382,359,8,Platinum,South,Two Year,0
827,14596,247,9,Basic,South,Two Year,0
1662,33572,363,1,Gold,Central,One Year,0
313,13221,320,2,Basic,West,Two Year,0
908,1279,120,10,Basic,South,Two Year,0
989,45960,285,9,Silver,Central,One Year,0
1534,7083,148,1,Silver,West,Two Year,0
482,43861,83,2,Platinum,North,One Year,0
1049,17771,453,5,Basic,North,Month-to-Month,1
1882,29975,405,8,Platinum,East,One Year,1
845,45648,465,8,Gold,Central,Month-to-Month,0
688,48285,455,6,Basic,West,Month-to-Month,0
1569,19063,230,2,Basic,South,Two Year,0
576,2106,287,3,Gold,North,Two Year,0
1245,24557,160,5,Gold,West,Two Year,0
1102,48854,271,10,Platinum,Central,One Year,0
1565,20607,459,4,Platinum,East,Two Year,0
46,37599,37,1,Gold,North,Month-to-Month,0
1225,28529,499,5,Platinum,West,Two Year,0
1273,35954,225,2,Gold,West,Two Year,1
187,27856,141,7,Basic,West,One Year,0
506,2573,291,1,Basic,Central,One Year,1
1099,12808,480,0,Silver,Central,Month-to-Month,1
1426,35367,150,8,Basic,Central,One Year,0
547,36801,113,2,Gold,South,Two Year,0
128,41196,236,10,Platinum,West,One Year,0
1945,34072,65,0,Silver,North,Month-to-Month,1
1798,23752,360,6,Platinum,Central,Two Year,1
1090,17685,340,9,Gold,Central,Month-to-Month,0
309,41401,257,4,Basic,West,One Year,0
1402,11372,474,4,Silver,Central,One Year,0
526,8996,248,0,Gold,South,Month-to-Month,0
331,16458,456,8,Silver,South,Two Year,0
210,31889,448,6,Silver,Central,One Year,1
636,26665,330,7,Basic,West,One Year,0
1152,38243,322,8,Gold,West,Two Year,0
729,31653,179,5,Platinum,West,One Year,0
1022,26657,189,4,Silver,East,Month-to-Month,0
1169,39952,406,5,Silver,Central,One Year,0
220,22180,153,10,Platinum,West,One Year,0
282,31896,195,1,Gold,South,Two Year,1
1010,12875,465,3,Silver,North,Month-to-Month,1
957,1622,310,2,Silver,North,Two Year,0
1214,48756,261,6,Silver,West,One Year,1
1309,40809,418,8,Gold,North,One Year,0
1376,16725,405,4,Gold,North,Two Year,0
157,40760,426,5,Platinum,East,Two Year,0
47,15646,142,9,Gold,South,Two Year,0
1846,17029,341,1,Gold,South,Month-to-Month,1
1788,29402,315,2,Basic,East,One Year,0
595,4263,100,2,Platinum,East,Two Year,0
599,30987,243,8,Silver,North,One Year,0
1376,46828,489,6,Gold,Central,Month-to-Month,0
1925,47924,11,7,Silver,North,Month-to-Month,0
715,8646,238,10,Silver,East,Month-to-Month,0
1845,27529,48,9,Basic,South,Month-to-Month,0
655,11664,41,10,Gold,North,One Year,0
1341,35737,165,8,Platinum,Central,Month-to-Month,1
1996,35796,81,5,Gold,North,Month-to-Month,0
883,24027,428,3,Silver,West,Two Year,0
1716,29373,290,0,Platinum,North,Month-to-Month,0
991,36397,157,7,Gold,East,Two Year,0
1692,20609,215,6,Silver,South,Month-to-Month,0
184,35835,489,1,Silver,South,Month-to-Month,0
519,38709,157,7,Basic,East,Two Year,1
1439,19250,461,4,Basic,West,Month-to-Month,0
814,21172,133,6,Basic,East,One Year,1
1157,11555,66,3,Silver,North,One Year,1
1982,21874,335,4,Gold,East,Month-to-Month,0
1446,13081,6,7,Basic,East,One Year,0
1864,24063,435,0,Gold,West,Two Year,0
275,6819,13,0,Basic,North,Month-to-Month,1
1229,25712,72,3,Platinum,Central,Month-to-Month,1
1092,24762,398,2,Platinum,Central,Two Year,0
1530,11046,404,9,Basic,South,Two Year,0
1735,31463,162,1,Silver,East,Two Year,0
788,28769,65,2,Basic,South,Month-to-Month,1
567,23150,346,10,Basic,West,Two Year,1
1920,2711,129,10,Silver,Central,Two Year,0
1871,4853,418,10,Platinum,East,One Year,0
950,29077,465,0,Gold,West,One Year,0
437,23863,205,0,Basic,West,Month-to-Month,0
554,21792,275,5,Silver,East,One Year,1
857,40483,465,4,Basic,West,One Year,0
1559,8942,255,7,Silver,East,Two Year,0
932,48275,265,1,Gold,East,Two Year,0
1878,48594,24,3,Gold,North,One Year,1
65,1762,449,7,Platinum,South,One Year,0
714,31987,280,5,Silver,West,One Year,0
49,15850,252,0,Silver,West,Month-to-Month,0
350,12112,309,3,Platinum,North,Month-to-Month,1
1829,24058,288,0,Platinum,North,Month-to-Month,1
541,45420,163,1,Silver,North,One Year,0
429,38890,94,4,Platinum,Central,One Year,0
683,481,269,7,Gold,Central,Month-to-Month,0
1001,47304,320,7,Basic,Central,Month-to-Month,0
1936,32921,109,10,Gold,East,One Year,0
500,40385,335,2,Platinum,West,Two Year,1
1196,1524,309,10,Silver,South,Month-to-Month,0
1145,34888,237,3,Silver,East,One Year,1
1407,15048,380,9,Gold,West,One Year,0
863,35111,435,10,Silver,West,Two Year,0
1853,37904,386,5,Platinum,North,One Year,0
756,34008,482,10,Gold,North,One Year,0
883,60,424,10,Silver,East,Month-to-Month,0
80,9130,389,9,Basic,North,Month-to-Month,0
1718,18023,24,2,Basic,West,Two Year,0
1751,45080,140,1,Platinum,North,Two Year,0
604,13350,116,5,Silver,Central,One Year,0
1243,24354,481,10,Platinum,North,Month-to-Month,1
1178,45186,391,4,Gold,West,Two Year,0
179,28145,404,9,Basic,East,Two Year,1
343,34020,481,4,Gold,South,Two Year,0
599,20587,451,9,Silver,North,One Year,0
1395,41131,24,4,Platinum,West,Month-to-Month,0
334,9650,78,9,Platinum,South,Two Year,1
1745,19933,67,4,Platinum,South,Month-to-Month,0
711,20581,172,2,Gold,Central,Two Year,0
867,23393,443,6,Basic,South,Two Year,0
1836,23051,11,5,Gold,West,Month-to-Month,0
1107,26212,287,3,Gold,West,Month-to-Month,0
1032,49082,127,1,Silver,North,Month-to-Month,0
473,4090,95,8,Silver,North,One Year,0
642,6960,91,0,Silver,North,Two Year,1
1022,35772,140,10,Basic,South,One Year,0
293,21520,30,3,Basic,South,Month-to-Month,0
1106,49481,333,0,Silver,Central,Two Year,0
1625,36408,19,5,Silver,North,One Year,0
1033,28470,145,3,Basic,East,Two Year,0
1673,20491,476,4,Platinum,Central,One Year,0
34,1341,315,4,Basic,East,Month-to-Month,1
1156,44623,446,8,Basic,South,One Year,1
1249,24791,389,0,Basic,Central,Two Year,1
803,338,159,1,Silver,Central,Two Year,0
906,5895,348,5,Platinum,West,Two Year,0
1021,12254,42,4,Basic,South,Two Year,0
913,11344,253,10,Silver,South,Month-to-Month,0
1403,1750,129,6,Gold,Central,One Year,0
76,2421,59,2,Gold,South,Month-to-Month,0
896,39887,150,2,Basic,Central,Month-to-Month,0
852,5319,466,9,Gold,West,Month-to-Month,0
965,15896,286,1,Platinum,Central,Two Year,0
1873,11918,498,2,Gold,South,Two Year,0
685,25064,4,9,Gold,South,Two Year,0
298,46617,466,0,Platinum,Central,One Year,0
399,27935,417,4,Basic,Central,Two Year,0
665,37641,265,4,Basic,Central,One Year,0
1159,29711,344,10,Platinum,North,Two Year,1
1723,4806,129,6,Platinum,South,Two Year,0
1712,41360,381,3,Platinum,South,Month-to-Month,0
686,12182,266,2,Gold,North,Month-to-Month,0
149,22297,177,0,Platinum,Central,Month-to-Month,0
860,19541,252,7,Silver,West,One Year,1
1840,28921,414,2,Gold,Central,One Year,0
1657,16774,55,1,Basic,Central,Two Year,0
1111,44813,462,10,Basic,North,One Year,1
1399,37198,456,3,Basic,South,Two Year,0
770,8820,470,2,Gold,Central,One Year,0
1527,24070,82,0,Silver,South,One Year,0
146,4232,392,2,Platinum,East,One Year,0
1883,11122,98,1,Platinum,South,Month-to-Month,0
820,15023,148,7,Basic,West,One Year,0
1180,8007,328,5,Basic,West,Month-to-Month,1
1446,17905,155,8,Gold,Central,Month-to-Month,0
1961,41786,189,7,Silver,South,One Year,0
1042,29398,493,9,Platinum,Central,Two Year,0
1694,34268,370,2,Gold,North,Two Year,1
1111,6737,262,4,Platinum,West,Two Year,1
663,36062,79,6,Basic,Central,One Year,0
542,25510,399,4,Platinum,North,Two Year,0
1804,19426,251,7,Silver,Central,Month-to-Month,0
831,37265,96,4,Silver,South,Two Year,0
1149,17850,259,0,Basic,South,One Year,0
1691,614,259,4,Silver,South,Two Year,0
1171,21776,102,3,Silver,South,Month-to-Month,0
589,24077,39,5,Gold,East,One Year,1
1654,9374,272,2,Platinum,North,Two Year,0
517,35435,100,10,Basic,North,One Year,1
1290,30907,358,4,Basic,South,One Year,0
1938,13409,379,1,Basic,East,One Year,0
926,16514,307,10,Basic,South,Two Year,0
1325,29866,220,5,Basic,East,One Year,0
1242,2983,307,5,Silver,South,Two Year,0
733,31705,419,4,Gold,West,Month-to-Month,0
1500,20662,123,5,Basic,West,Two Year,0
610,23510,421,10,Gold,Central,Month-to-Month,0
819,12651,230,6,Gold,South,Two Year,0
890,40998,177,4,Silver,North,One Year,0
276,28535,62,0,Basic,Central,Two Year,0
1129,6640,484,7,Silver,West,One Year,0
183,44547,115,3,Basic,South,Month-to-Month,1
1709,15317,190,8,Silver,Central,Two Year,0
1488,7564,61,9,Gold,South,One Year,0
1026,27345,255,5,Basic,West,Month-to-Month,0
1139,48288,482,0,Platinum,Central,Month-to-Month,0
726,28687,6,2,Gold,West,Two Year,1
1338,13737,154,2,Platinum,East,Month-to-Month,0
1273,9323,91,9,Gold,West,One Year,0
1122,15229,469,3,Silver,South,Month-to-Month,0
1100,44481,13,5,Basic,North,Month-to-Month,0
1038,8502,454,6,Gold,West,One Year,1
123,545,228,9,Silver,North,Month-to-Month,0
1803,37114,85,3,Basic,East,Month-to-Month,0
987,29430,132,5,Basic,Central,Month-to-Month,0
1041,9996,182,10,Gold,Central,Month-to-Month,0
482,27788,385,0,Basic,North,One Year,0
1257,29969,61,7,Gold,Central,Month-to-Month,0
941,48543,218,6,Basic,West,One Year,0
247,13919,404,10,Platinum,North,Month-to-Month,1
503,3810,245,10,Silver,South,Month-to-Month,0
461,30586,229,8,Platinum,West,Month-to-Month,0
370,39974,78,2,Gold,West,Month-to-Month,0
580,41773,148,1,Platinum,West,One Year,1
1665,16371,137,0,Gold,South,One Year,0
1342,45084,470,2,Basic,East,One Year,0
1307,29629,313,4,Basic,Central,Two Year,0
1787,8436,375,10,Gold,North,Month-to-Month,0
386,12984,422,1,Platinum,East,Month-to-Month,0
52,33039,388,2,Basic,North,One Year,0
1815,19895,64,3,Silver,Central,Two Year,0
551,18155,12,6,Basic,South,Month-to-Month,0
1811,10616,212,2,Silver,West,One Year,0
1890,37129,473,8,Platinum,West,Month-to-Month,1
1153,39837,241,7,Silver,South,Month-to-Month,1
831,24574,492,3,Silver,East,One Year,0
1233,3430,212,0,Silver,East,One Year,0
1276,12676,180,0,Silver,North,Month-to-Month,0
1959,10816,337,0,Basic,South,Month-to-Month,0
791,32733,484,0,Silver,East,One Year,1
1712,20144,172,7,Basic,South,Month-to-Month,0
471,2050,159,2,Silver,Central,Month-to-Month,0
1661,44460,163,5,Gold,West,One Year,0
798,33933,464,2,Platinum,West,Month-to-Month,0
1045,24951,482,10,Silver,West,Month-to-Month,0
1378,32413,496,4,Gold,South,Two Year,0
545,34801,187,6,Silver,South,One Year,0
1069,32913,394,1,Silver,North,Two Year,0
821,47037,190,5,Silver,West,Two Year,0
365,40600,404,5,Gold,North,Two Year,1
1812,25280,307,10,Platinum,West,Month-to-Month,0
287,24557,255,2,Gold,North,Month-to-Month,1
526,47054,182,5,Platinum,North,Two Year,0
925,35400,116,9,Silver,Central,Two Year,0
189,4494,281,9,Basic,North,Two Year,0
1528,15152,195,4,Silver,South,Month-to-Month,1
881,23895,33,1,Platinum,North,Two Year,1
1717,9155,51,8,Gold,West,Two Year,0
1961,31883,111,7,Silver,North,One Year,1
719,43194,251,2,Gold,East,One Year,1
1728,43001,81,7,Gold,West,Month-to-Month,0
409,1828,231,8,Gold,East,One Year,0
1598,45028,226,2,Silver,West,One Year,1
1982,41898,232,2,Gold,South,One Year,1
986,32123,220,1,Gold,South,Month-to-Month,0
720,37573,435,7,Silver,South,One Year,1
1480,806,412,9,Gold,East,Month-to-Month,0
1666,40970,421,0,Silver,Central,Two Year,0
1321,29757,41,7,Platinum,West,One Year,0
1888,34636,20,6,Platinum,South,Month-to-Month,0
1630,14561,41,6,Platinum,West,One Year,0
1470,48280,396,2,Gold,East,Two Year,0
1221,24262,112,0,Basic,Central,Month-to-Month,1
1895,14899,104,3,Basic,East,Month-to-Month,0
1096,48988,191,8,Gold,West,Month-to-Month,0
1609,15934,16,4,Basic,Central,Two Year,0
314,38197,119,0,Silver,Central,Two Year,0
426,41844,392,4,Basic,East,Two Year,1
41,36332,424,7,Gold,South,Month-to-Month,0
1660,34157,128,7,Gold,West,Two Year,1
1355,11593,129,4,Silver,North,One Year,0
1951,40042,59,8,Platinum,North,Two Year,0
1306,49976,47,0,Gold,East,Month-to-Month,0
528,17320,28,3,Silver,West,One Year,0
783,27376,96,2,Basic,West,Two Year,0
64,43513,9,1,Basic,East,One Year,0
756,14199,241,7,Silver,West,One Year,0
878,15876,313,6,Silver,South,Month-to-Month,0
119,8245,443,8,Gold,East,One Year,0
805,7214,231,1,Basic,South,One Year,0
634,726,276,3,Silver,West,Month-to-Month,0
1975,46600,283,5,Basic,East,Month-to-Month,0
999,11362,202,10,Silver,West,Month-to-Month,1
1655,18297,246,2,Basic,East,One Year,0
1051,30448,289,7,Platinum,West,One Year,0
447,26172,263,2,Gold,South,One Year,1
144,42874,442,1,Basic,South,Month-to-Month,0
646,7657,213,2,Platinum,West,Two Year,0
1956,18850,199,10,Basic,East,One Year,0
1249,25425,432,5,Basic,North,Two Year,0
855,26685,78,1,Platinum,South,Month-to-Month,1
1554,47319,400,7,Basic,South,One Year,1
1679,24578,443,0,Basic,North,Two Year,1
1546,28831,342,6,Gold,West,One Year,0
1128,7906,343,1,Platinum,East,One Year,0
442,7287,172,9,Platinum,West,One Year,0
1429,33660,466,5,Silver,Central,Two Year,0
1473,10222,68,1,Basic,South,Month-to-Month,0
758,37443,415,1,Gold,Central,One Year,0
1330,34701,427,9,Basic,South,Month-to-Month,0
1050,17764,448,7,Basic,South,Month-to-Month,0
790,44641,86,1,Silver,Central,Two Year,1
705,17674,100,6,Basic,Central,Two Year,1
1447,18024,7,2,Gold,West,Month-to-Month,0
1922,46007,332,7,Gold,Central,One Year,0
486,23874,199,6,Silver,West,Two Year,0
949,43642,86,7,Basic,West,One Year,1
221,32284,42,6,Gold,West,One Year,0
768,17602,384,10,Basic,South,One Year,0
1742,37784,108,5,Basic,South,Month-to-Month,0
1152,23265,434,6,Basic,Central,One Year,0
1601,25931,407,4,Silver,South,Month-to-Month,0
1007,28841,482,6,Basic,Central,Month-to-Month,0
1038,29192,151,0,Gold,South,One Year,0
125,46542,16,0,Basic,East,One Year,0
1717,42520,132,8,Gold,East,One Year,0
692,15585,147,4,Basic,Central,One Year,0
1243,25559,276,4,Gold,South,Month-to-Month,1
1789,40059,231,2,Gold,South,One Year,0
66,33742,313,4,Basic,West,One Year,1
1833,4133,414,2,Basic,North,Month-to-Month,0
1422,14663,365,8,Gold,Central,Two Year,0
1748,21754,227,8,Platinum,North,Two Year,0
1578,3972,138,5,Silver,North,Month-to-Month,0
308,5295,435,0,Platinum,Central,Two Year,0
246,46681,398,6,Platinum,South,Month-to-Month,0
896,41873,210,6,Basic,Central,One Year,0
902,29125,390,9,Silver,North,One Year,0
1851,40996,498,9,Platinum,South,Two Year,1
1326,9903,27,3,Basic,East,One Year,1
1934,3020,50,7,Platinum,Central,Two Year,0
91,41755,490,5,Platinum,Central,Two Year,1
625,20420,441,3,Basic,South,One Year,0
1933,21452,260,3,Basic,East,One Year,0
758,45648,260,1,Basic,East,Two Year,1
1395,38001,349,1,Silver,South,One Year,0
426,9516,351,3,Platinum,West,Month-to-Month,0
728,47327,7,4,Basic,Central,One Year,0
1072,49469,319,7,Gold,Central,One Year,1
206,2396,137,5,Platinum,North,Month-to-Month,1
1665,18546,37,3,Gold,South,One Year,0
425,19129,110,10,Silver,North,One Year,0
474,1591,479,6,Basic,North,Two Year,0
1286,11303,367,7,Gold,East,One Year,0
1968,30561,219,1,Silver,Central,One Year,0
105,6183,336,6,Basic,North,Month-to-Month,0
294,26572,222,1,Gold,East,Two Year,0
484,34080,135,1,Gold,South,Two Year,0
1849,20695,255,7,Silver,North,Two Year,0
747,7314,359,1,Basic,Central,One Year,0
764,19623,408,10,Basic,North,Two Year,1
1437,2139,328,8,Gold,South,Month-to-Month,0
1617,47456,449,0,Gold,North,Two Year,0
880,31290,462,8,Gold,Central,Month-to-Month,0
1559,18088,433,0,Basic,East,Two Year,0
1420,39692,450,9,Silver,Central,Two Year,0
173,33130,48,9,Silver,East,Month-to-Month,0
914,32088,291,1,Basic,West,Two Year,0
1122,26292,381,5,Platinum,Central,Two Year,0
1152,46249,323,5,Silver,Central,Two Year,0
425,20670,77,0,Gold,South,One Year,0
1078,3738,104,6,Platinum,North,Month-to-Month,1
977,2469,168,7,Platinum,East,Two Year,0
920,22534,216,1,Silver,East,Month-to-Month,0
1522,48874,377,7,Platinum,South,Month-to-Month,0
1537,49708,118,8,Platinum,South,Month-to-Month,0
1618,9017,189,5,Silver,North,Two Year,0
1204,2808,254,4,Silver,North,Two Year,0
1197,49138,369,8,Platinum,Central,Month-to-Month,0
598,47638,265,10,Gold,West,One Year,0
1092,12713,148,8,Basic,North,Month-to-Month,0
138,40329,163,0,Platinum,South,One Year,0
1746,2719,139,10,Platinum,North,Month-to-Month,0
1095,22890,346,2,Gold,East,Month-to-Month,0
1239,11700,487,8,Platinum,West,Month-to-Month,0
964,36509,257,10,Platinum,Central,Two Year,0
427,42534,373,1,Basic,East,One Year,0
1276,36766,268,3,Basic,East,One Year,1
663,26705,180,3,Basic,West,Month-to-Month,0
1186,18787,159,1,Silver,Central,Two Year,1
1216,48845,350,2,Silver,South,Two Year,0
1268,26588,399,2,Basic,Central,One Year,0
762,26123,287,0,Basic,North,Two Year,0
264,33062,287,5,Silver,East,One Year,1
1896,10177,379,7,Gold,North,One Year,0
687,21727,225,2,Platinum,South,One Year,0
780,30220,10,4,Platinum,North,Two Year,0
617,9882,9,0,Basic,Central,One Year,0
1062,1136,270,9,Gold,North,One Year,0
1127,34832,272,6,Silver,South,Month-to-Month,1
983,31966,423,9,Basic,South,One Year,1
521,7009,401,0,Gold,South,One Year,0
942,12987,182,10,Gold,Central,Month-to-Month,1
1306,37311,456,8,Gold,South,Month-to-Month,0
1283,31575,152,7,Silver,East,Two Year,0
1572,1007,487,6,Silver,South,One Year,0
1227,5445,314,9,Platinum,North,Two Year,0
1706,10706,333,6,Platinum,North,Two Year,1
1221,47517,123,4,Gold,North,Month-to-Month,0
199,44486,472,4,Gold,Central,Two Year,0
1446,29257,113,10,Silver,North,One Year,0
975,21736,277,4,Platinum,Central,Month-to-Month,0
824,42207,499,0,Gold,Central,One Year,0
663,13281,413,7,Platinum,South,One Year,1
1247,1435,467,10,Platinum,East,Month-to-Month,1
1570,33339,212,0,Gold,South,One Year,0
58,35150,171,3,Silver,South,Month-to-Month,0
1218,25821,287,8,Gold,Central,One Year,0
1475,26660,434,8,Gold,Central,Month-to-Month,0
368,5084,173,4,Platinum,North,Two Year,0
1701,16661,112,3,Gold,North,One Year,0
1549,13507,375,2,Silver,South,Month-to-Month,0
1418,7059,404,2,Gold,West,One Year,0
1886,18271,482,4,Silver,West,One Year,0
1395,45539,121,9,Silver,North,One Year,0
529,7491,31,0,Platinum,West,Month-to-Month,0
1710,47295,221,4,Basic,North,Two Year,0
540,14859,118,5,Basic,Central,Two Year,1
1380,8073,38,6,Platinum,South,Two Year,0
246,9077,496,8,Gold,East,Month-to-Month,1
1354,20953,267,2,Platinum,South,Two Year,0
1185,11383,232,1,Silver,North,Month-to-Month,0
1857,49146,430,2,Basic,North,One Year,0
1123,2353,17,8,Platinum,South,One Year,1
1305,23821,148,6,Gold,North,Two Year,0
1468,37567,396,8,Platinum,West,Month-to-Month,0
1840,49838,148,1,Basic,West,One Year,0
474,24860,125,4,Platinum,North,Month-to-Month,0
905,21195,391,3,Platinum,North,Month-to-Month,0
1235,11939,301,1,Basic,West,One Year,1
196,25338,359,8,Silver,North,Month-to-Month,0
120,21730,237,8,Silver,North,One Year,0
743,21427,134,5,Basic,South,One Year,0
1911,35196,150,10,Platinum,East,One Year,0
1584,27083,235,5,Basic,West,Month-to-Month,0
68,21510,223,7,Silver,South,One Year,0
1179,44064,202,5,Gold,East,Month-to-Month,0
1504,7813,255,0,Platinum,North,One Year,0
202,31598,85,3,Silver,North,One Year,0
682,47182,149,6,Platinum,South,Two Year,1
783,27570,234,1,Basic,North,Two Year,0
1273,27082,344,8,Gold,Central,Two Year,0
1691,29241,21,7,Basic,South,Month-to-Month,0
1111,30678,347,7,Gold,East,Month-to-Month,0
1713,44569,284,6,Platinum,South,One Year,0
505,11745,268,3,Platinum,West,One Year,0
485,26029,465,1,Basic,South,One Year,0
858,13025,257,2,Gold,North,One Year,1
924,36124,28,5,Gold,North,Month-to-Month,0
1414,14288,212,4,Platinum,Central,One Year,0
1988,23650,462,7,Basic,Central,One Year,0
1054,6540,435,5,Gold,Central,Two Year,0
416,32232,282,5,Platinum,East,One Year,0
377,16422,49,0,Silver,Central,One Year,1
219,3342,94,3,Basic,East,One Year,0
534,41846,462,4,Silver,Central,Month-to-Month,0
1244,35612,498,10,Basic,East,Two Year,0
1561,10396,406,2,Platinum,South,One Year,0
1422,17482,87,8,Gold,South,One Year,0
1462,23411,43,0,Gold,North,Two Year,0
853,46766,460,5,Gold,East,One Year,0
958,13261,277,5,Basic,West,Month-to-Month,0
963,3093,170,9,Platinum,North,One Year,0
1170,11722,420,4,Silver,South,Month-to-Month,1
163,22042,188,4,Platinum,East,Month-to-Month,0
87,44413,352,9,Silver,Central,One Year,1
1609,47851,183,4,Basic,West,Two Year,0
714,28087,2,5,Basic,South,Month-to-Month,0
701,32347,190,7,Silver,North,Two Year,0
202,33756,117,1,Silver,East,One Year,0
1882,39214,18,5,Silver,West,Month-to-Month,0
844,16335,22,0,Platinum,East,One Year,0
1202,28602,412,3,Silver,Central,Two Year,0
109,48901,29,9,Basic,North,One Year,1
915,34450,294,2,Basic,East,One Year,0
1266,32196,107,8,Gold,South,Month-to-Month,0
232,5626,366,2,Silver,North,One Year,0
793,7424,280,5,Platinum,South,One Year,1
1282,12857,127,0,Platinum,East,One Year,0
1729,44923,228,5,Platinum,North,Month-to-Month,0
1280,19982,110,3,Gold,South,Two Year,0
1712,11425,135,7,Basic,Central,Two Year,0
1585,1980,361,10,Platinum,Central,One Year,1
1494,48290,185,8,Basic,East,Month-to-Month,0
1455,26431,143,3,Gold,North,One Year,0
76,19440,71,9,Silver,West,Two Year,1
1286,41752,128,9,Silver,North,Month-to-Month,0
1358,17175,363,5,Silver,Central,Two Year,0
1579,48651,260,0,Platinum,South,Two Year,0
1196,26385,2,3,Silver,West,Month-to-Month,0
1468,38158,448,6,Platinum,East,Month-to-Month,0
1566,23019,387,0,Gold,West,One Year,0
1426,18639,103,7,Gold,East,One Year,0
1619,19994,482,9,Platinum,West,Two Year,0
1939,34375,223,10,Basic,East,Month-to-Month,0
1312,21563,319,5,Silver,East,Month-to-Month,1
685,39341,361,4,Silver,West,One Year,0
500,5776,353,9,Silver,West,Two Year,0
1000,36444,490,10,Platinum,East,Two Year,0
1065,3380,472,8,Gold,Central,One Year,0
1383,8711,9,1,Silver,West,Month-to-Month,0
765,8782,404,4,Gold,North,One Year,0
813,17434,383,5,Silver,South,One Year,0
997,46765,301,6,Silver,East,One Year,0
387,20017,230,4,Platinum,East,One Year,0
1001,30707,218,8,Basic,South,Month-to-Month,0
1461,39110,410,0,Platinum,Central,One Year,0
697,17343,65,6,Silver,South,Month-to-Month,1
402,38827,424,9,Silver,West,One Year,0
1061,41652,111,6,Basic,South,Two Year,0
1175,5655,12,3,Gold,East,Month-to-Month,0
1401,44859,392,8,Gold,South,Two Year,1
705,15251,499,10,Silver,North,One Year,0
119,526,419,4,Gold,West,One Year,0
1701,3224,85,3,Silver,South,One Year,0
727,47837,233,6,Basic,East,Month-to-Month,1
1369,11536,89,3,Basic,West,Two Year,0
1231,28541,313,2,Silver,East,Month-to-Month,0
569,13547,53,8,Basic,Central,Month-to-Month,1
761,34531,11,10,Platinum,North,One Year,1
898,8712,208,7,Platinum,Central,Two Year,1
70,38565,461,0,Basic,North,One Year,0
769,9208,13,6,Silver,South,Month-to-Month,0
1757,5109,120,8,Silver,West,One Year,0
1976,49268,417,7,Basic,South,Two Year,0
531,35201,436,7,Gold,North,One Year,0
988,16967,376,5,Platinum,North,Two Year,0
1198,29759,19,10,Gold,North,Two Year,0
1254,20172,74,3,Silver,East,One Year,0
958,36935,399,7,Silver,West,Month-to-Month,0
1777,26589,242,2,Gold,South,One Year,0
490,30015,222,8,Basic,South,Month-to-Month,0
761,29009,69,1,Gold,Central,Month-to-Month,0
781,17773,311,1,Gold,North,One Year,0
954,41125,210,6,Platinum,North,Month-to-Month,0
938,26143,100,9,Platinum,North,Month-to-Month,0
1611,6154,185,3,Gold,South,One Year,0
1600,21804,131,9,Gold,Central,One Year,0
1306,41688,110,7,Silver,East,One Year,1
419,20581,380,8,Platinum,West,Month-to-Month,0
1647,30087,131,6,Platinum,East,Two Year,0
912,49930,19,4,Silver,South,Month-to-Month,1
285,32981,393,7,Basic,North,Two Year,0
738,3762,23,3,Platinum,West,One Year,1
1868,46167,226,1,Platinum,South,Two Year,1
1974,9768,153,10,Basic,South,One Year,0
479,43408,292,5,Platinum,South,One Year,1
39,39499,229,8,Platinum,West,Two Year,0
853,38559,468,0,Basic,West,One Year,0
827,48590,309,10,Basic,Central,Two Year,0
1295,8783,487,9,Gold,Central,One Year,0
1304,46389,358,6,Silver,East,Month-to-Month,1
906,29781,404,9,Silver,West,Month-to-Month,0
1058,30811,201,8,Basic,West,One Year,0
1172,48787,37,9,Basic,West,One Year,0
1045,35488,429,8,Platinum,Central,Two Year,0
1854,8905,259,9,Gold,South,Month-to-Month,0
403,9127,187,10,Gold,North,Two Year,0
1118,22431,56,2,Basic,Central,One Year,1
175,49153,428,10,Platinum,West,One Year,0
253,6368,19,4,Platinum,Central,Two Year,1
1292,27424,272,7,Silver,East,One Year,0
206,46824,118,7,Silver,West,Month-to-Month,0
1832,45004,70,3,Platinum,East,Two Year,0
882,18333,3,10,Silver,West,Month-to-Month,0
1335,23116,220,10,Basic,Central,Month-to-Month,0
92,47219,13,0,Platinum,South,Month-to-Month,1
1270,43201,2,0,Silver,North,Two Year,0
1907,15525,215,3,Gold,East,One Year,1
856,23398,228,5,Platinum,Central,Month-to-Month,0
824,32857,335,7,Platinum,South,Month-to-Month,0
718,10361,185,5,Gold,Central,Month-to-Month,0
1514,16369,54,8,Basic,East,One Year,1
1982,3041,499,8,Gold,North,One Year,0
1663,105,387,1,Platinum,Central,Two Year,1
134,9078,375,9,Basic,West,One Year,1
1152,25003,253,0,Silver,South,Two Year,0
540,6090,23,1,Silver,Central,Two Year,0
414,38850,161,4,Silver,South,Two Year,0
434,49786,157,3,Platinum,West,Two Year,0
852,1925,81,3,Gold,North,Two Year,0
547,18440,402,8,Basic,North,Month-to-Month,0
505,39685,158,10,Silver,West,One Year,0
738,26015,187,7,Basic,South,Month-to-Month,0
1916,33320,59,5,Platinum,Central,Two Year,0
1698,25291,402,0,Silver,West,One Year,0
1923,36679,304,1,Platinum,East,Month-to-Month,0
800,26289,318,5,Gold,South,Month-to-Month,0
1490,3389,365,10,Platinum,North,Two Year,0
1076,25683,210,1,Platinum,West,Month-to-Month,1
1026,13629,405,9,Gold,North,Month-to-Month,0
1618,24826,151,4,Basic,South,Month-to-Month,0
706,35198,108,4,Gold,North,Month-to-Month,0
743,26630,75,5,Gold,West,Month-to-Month,0
1511,33226,29,5,Platinum,South,Two Year,0
112,46163,313,5,Basic,East,Two Year,1
1198,32975,485,1,Silver,West,Month-to-Month,0
1138,899,116,9,Gold,Central,Two Year,0
1131,11653,414,2,Basic,West,Two Year,0
486,27961,355,5,Gold,South,One Year,0
1931,16405,191,7,Gold,West,Month-to-Month,0
30,8601,18,10,Gold,East,Two Year,0
80,33662,431,0,Gold,East,Two Year,0
714,33282,172,0,Platinum,Central,Month-to-Month,0
746,21288,227,10,Basic,North,One Year,0
1825,29545,349,1,Basic,South,Month-to-Month,0
1499,36877,182,10,Basic,South,One Year,1
478,46026,112,5,Gold,North,Month-to-Month,0
910,15313,182,8,Platinum,East,Month-to-Month,0
517,15349,480,3,Gold,East,Month-to-Month,0
1853,7179,145,2,Gold,West,Month-to-Month,0
63,10326,318,7,Basic,Central,One Year,0
1401,44555,115,10,Gold,Central,One Year,0
124,1560,112,9,Silver,Central,Two Year,0
1125,13612,250,8,Gold,West,Month-to-Month,0
1604,17650,475,10,Silver,Central,One Year,0
183,26745,250,4,Gold,North,One Year,0
279,31890,302,8,Platinum,West,One Year,0
703,20022,458,1,Platinum,North,Month-to-Month,0
467,4780,312,2,Basic,West,Two Year,0
147,18311,117,6,Gold,Central,One Year,0
800,28380,300,6,Silver,North,Month-to-Month,0
1944,44662,160,5,Silver,North,One Year,0
1359,2356,400,5,Gold,North,One Year,1
297,4790,197,1,Silver,West,Two Year,0
1107,26911,259,9,Platinum,South,One Year,0
265,49458,147,5,Silver,Central,One Year,0
418,24363,239,3,Basic,North,Month-to-Month,1
1019,20049,46,2,Platinum,South,Month-to-Month,0
1787,10181,474,10,Platinum,Central,Two Year,0
792,39825,398,1,Platinum,Central,Month-to-Month,0
1878,16082,197,0,Gold,North,Month-to-Month,0
430,661,46,10,Gold,North,Two Year,0
653,37412,77,10,Platinum,West,One Year,0
796,48479,123,4,Gold,South,Two Year,1
1356,2920,74,1,Silver,South,Month-to-Month,1
948,25658,358,1,Gold,North,Two Year,0
1260,48770,136,6,Gold,Central,One Year,0
1282,14025,89,7,Platinum,North,Two Year,1
882,8946,399,9,Basic,Central,Month-to-Month,0
1963,28706,324,7,Basic,Central,Month-to-Month,0
607,45500,499,3,Basic,North,Two Year,0
104,39004,60,0,Silver,East,One Year,0
464,16309,137,10,Gold,South,Two Year,0
132,46286,49,6,Basic,Central,One Year,0
1475,33120,258,0,Platinum,Central,One Year,0
1757,30027,460,10,Basic,East,Two Year,0
793,7005,106,3,Basic,West,One Year,0
767,46804,112,7,Gold,East,Month-to-Month,0
835,49310,349,1,Gold,East,Two Year,1
1359,956,253,5,Gold,Central,One Year,0
127,34839,117,5,Silver,South,Month-to-Month,0
1903,8595,492,8,Silver,East,Two Year,1
827,47908,197,4,Basic,West,Month-to-Month,1
1388,12803,336,9,Gold,North,Month-to-Month,0
888,25963,364,3,Basic,East,Month-to-Month,0
464,36221,50,4,Platinum,East,One Year,0
476,39443,244,9,Platinum,West,Two Year,1
1361,33723,402,10,Gold,South,Two Year,1
278,39063,425,4,Gold,East,One Year,1
195,48689,34,7,Platinum,East,Two Year,0
1534,15282,301,9,Gold,South,Month-to-Month,0
1013,4703,409,7,Silver,West,Two Year,0
1388,6563,498,1,Silver,East,One Year,0
1049,25849,68,6,Gold,South,Month-to-Month,0
571,31860,348,7,Platinum,East,One Year,0
788,31585,319,10,Basic,North,Month-to-Month,0
1159,22015,420,5,Gold,Central,Month-to-Month,0
1616,12003,467,4,Gold,North,Two Year,0
110,43585,48,10,Basic,East,Month-to-Month,0
162,26958,404,8,Gold,West,One Year,0
826,26017,73,2,Basic,Central,Two Year,0
929,11171,191,9,Platinum,North,One Year,0
167,45350,260,3,Silver,South,Month-to-Month,0
213,12201,355,8,Platinum,West,One Year,1
1454,29426,69,5,Silver,North,One Year,0
1383,17778,89,7,Basic,South,Month-to-Month,0
814,45241,259,6,Silver,East,Two Year,0
1561,42229,125,10,Platinum,South,One Year,0
1905,21116,230,1,Silver,North,Month-to-Month,1
1013,48364,294,2,Basic,North,Two Year,0
98,33297,497,0,Silver,East,Two Year,1
575,19342,418,8,Gold,South,Two Year,0
1827,27490,128,6,Platinum,South,One Year,1
82,19975,279,0,Gold,East,One Year,0
1503,26723,312,2,Basic,South,One Year,1
234,23279,99,3,Silver,East,Two Year,0
155,12765,325,3,Gold,West,One Year,0
1800,46678,296,4,Gold,North,Month-to-Month,0
72,11561,181,2,Silver,West,One Year,1
1805,41899,173,2,Silver,Central,One Year,0
1936,525,315,0,Platinum,Central,Two Year,0
140,22861,363,6,Gold,Central,One Year,1
790,49153,187,10,Gold,East,Month-to-Month,0
1716,33142,56,9,Basic,South,Two Year,0
1236,26916,30,0,Platinum,West,Month-to-Month,0
877,44965,83,1,Basic,West,Two Year,0
124,4648,151,3,Gold,West,Two Year,1
1427,35133,472,3,Basic,West,One Year,0
1965,30523,35,4,Gold,Central,Month-to-Month,0
1573,29052,212,10,Gold,West,Two Year,1
929,34414,413,1,Basic,South,One Year,0
389,32781,407,3,Basic,Central,Two Year,0
929,4599,363,0,Silver,West,Two Year,0
1749,35046,105,1,Silver,East,Two Year,0
310,47064,413,0,Silver,North,Two Year,0
1248,35923,341,9,Gold,North,Two Year,1
1917,41089,219,9,Basic,North,Two Year,0
1248,3814,390,3,Platinum,Central,One Year,0
696,45893,162,3,Gold,West,Two Year,0
122,35984,438,6,Platinum,Central,Month-to-Month,0
701,26616,219,9,Basic,South,One Year,1
1999,2113,269,10,Gold,East,Month-to-Month,1
90,43006,119,10,Platinum,East,Two Year,0
663,13760,393,8,Platinum,North,Month-to-Month,0
1104,21927,335,8,Silver,North,Two Year,0
1456,20939,399,4,Silver,North,Two Year,0
1842,32419,181,9,Silver,West,One Year,0
1058,12588,478,0,Gold,South,One Year,0
1519,36142,105,0,Basic,South,Two Year,0
633,39198,216,5,Basic,South,One Year,0
711,44738,204,1,Silver,South,Month-to-Month,0
1882,33397,69,7,Silver,North,One Year,0
563,16653,43,8,Silver,East,One Year,0
1458,10831,328,3,Platinum,North,Month-to-Month,0
867,5724,300,4,Silver,South,One Year,0
1566,11083,227,10,Platinum,North,Two Year,1
674,45917,183,7,Basic,South,Month-to-Month,0
262,19816,106,2,Gold,Central,Two Year,0
553,42240,83,4,Gold,East,Month-to-Month,0
375,6276,337,2,Gold,Central,Two Year,1
1099,48403,249,9,Gold,West,Two Year,1
575,38663,362,2,Platinum,North,One Year,0
1998,13994,440,2,Platinum,West,Two Year,0
1131,23499,20,6,Silver,North,One Year,1
1783,23040,195,6,Platinum,Central,Month-to-Month,0
1866,43320,177,6,Silver,South,Two Year,0
1976,16959,416,9,Silver,South,Two Year,0
1126,6099,474,7,Gold,North,Month-to-Month,0
823,42267,6,4,Platinum,South,Month-to-Month,0
278,19576,69,4,Platinum,Central,Two Year,0
76,35946,126,3,Silver,South,Month-to-Month,0
1174,6116,398,6,Silver,Central,One Year,1
243,15563,465,9,Basic,West,Month-to-Month,0
268,26788,159,3,Basic,Central,Month-to-Month,1
1109,26928,247,1,Silver,East,Two Year,0
379,36336,202,3,Basic,East,One Year,0
136,9847,147,7,Basic,East,Month-to-Month,0
860,26155,471,8,Silver,North,One Year,1
77,14135,142,2,Silver,North,One Year,0
1626,17774,431,6,Platinum,North,One Year,0
366,1742,198,8,Silver,Central,Two Year,1
1079,18309,404,10,Silver,North,Month-to-Month,0
833,619,425,3,Gold,West,Two Year,1
1310,17658,153,9,Platinum,East,Month-to-Month,0
37,34707,491,2,Platinum,Central,Month-to-Month,1
654,20337,375,4,Platinum,East,Two Year,0
1920,16001,383,0,Gold,North,One Year,0
1306,968,141,2,Silver,Central,One Year,0
